Index,Buisness.Id,Name,Address,City,Postal.Code,State,Lat,Long,Review.Count,Stars,Categories,Monday,Tuesday,Wednesday,Thursday,Friday,Saturday,Sunday,Alcohol,Ambieance,Bike.Parking,Accepts.Credit,Buis.Parking,Dietary.Restrictions,Dogs.Allowed,Drive.Thru,Good.For.Kids,Good.For.Meal,Happy.Hour,Has.TV,Music,Noise.Level,Outdoor.Seating,Restaurants.Attire,Delivery,Restaurants.Good.For.Groups,Restaurants.Reservations,Restaurants.Table.Service,Restaurants.Take.Out,Restaurants.Price.Range,Smoking,Wheelchair.Accessible,Wi.Fi,Weighted.Star
7,1wvYBjX6radqmb_k0Fv_Ug,Palihouse Santa Barbara,915 Garden St,Santa Barbara,93101,CA,34.4239925,-119.6979304,7,4,"Hotels & Travel, Event Planning & Services, Cafes, Restaurants, Hotels",8:0-15:0,8:0-15:0,8:0-22:0,8:0-22:0,8:0-22:0,8:0-22:0,8:0-22:0,u'full_bar',NA,NA,TRUE,NA,NA,TRUE,NA,NA,NA,NA,NA,NA,NA,TRUE,NA,NA,NA,NA,NA,NA,NA,NA,NA,u'free',28
8,v1Uesklh8DpEufYOhTq4iA,Mar Monte Hotel - Hyatt,1111 E Cabrillo Blvd,Santa Barbara,93103,CA,34.4176898,-119.6685252,767,2.5,"Hotels, Restaurants, Beauty & Spas, Hotels & Travel, Day Spas, Event Planning & Services",6:0-6:0,6:0-6:0,6:0-6:0,6:0-6:0,6:0-6:0,6:0-6:0,6:0-6:0,u'full_bar',"{'romantic': False, 'intimate': False, 'touristy': False, 'hipster': False, 'divey': False, 'classy': False, 'trendy': False, 'upscale': False, 'casual': False}",NA,TRUE,"{'garage': True, 'street': True, 'validated': False, 'lot': True, 'valet': True}",NA,NA,NA,TRUE,NA,NA,TRUE,NA,u'average',TRUE,u'casual',NA,TRUE,TRUE,NA,NA,3,NA,NA,u'free',1917.5
13,PvCCwun_1sD5Vg6GDguw3g,Quality Inn Santa Barbara,3055 De La Vina St,Santa Barbara,93105,CA,34.44000428,-119.7299683,60,3,"Bed & Breakfast, Hotels & Travel, Hotels, Event Planning & Services",0:0-0:0,0:0-0:0,0:0-0:0,0:0-0:0,0:0-0:0,0:0-0:0,0:0-0:0,NA,NA,NA,TRUE,NA,NA,FALSE,NA,NA,NA,NA,NA,NA,NA,NA,NA,NA,NA,NA,NA,NA,2,NA,NA,u'free',180
14,6bbpLqP90jEcJN5QI0SZ7w,Haley Hotel,26 E Haley St,Santa Barbara,93101,CA,34.4173965,-119.6943895,58,3.5,"Hotels & Travel, Hotels, Event Planning & Services",8:0-23:45,8:0-23:45,8:0-23:45,0:0-0:0,0:0-0:0,0:0-0:0,0:0-0:0,NA,NA,NA,TRUE,NA,NA,TRUE,NA,NA,NA,NA,NA,NA,NA,NA,NA,NA,NA,NA,NA,NA,NA,NA,NA,u'free',203
26,dC4Ahv-Q7t77b4fQpvptCw,Paradise Retreats,16 E Arellaga St,Santa Barbara,93101,CA,34.4274395,-119.7089011,181,3.5,"Vacation Rentals, Property Management, Hotels & Travel, Home Services, Vacation Rental Agents, Real Estate",8:0-20:0,8:0-20:0,8:0-20:0,8:0-20:0,8:0-20:0,8:0-20:0,8:0-20:0,NA,NA,NA,TRUE,NA,NA,NA,NA,NA,NA,NA,NA,NA,NA,NA,NA,NA,NA,NA,NA,NA,NA,NA,NA,u'no',633.5
28,OevgFa-maNijC2anmt1_mQ,Holiday Inn Express Santa Barbara,17 W Haley St,Santa Barbara,93101,CA,34.4159952,-119.6957189,195,3.5,"Event Planning & Services, Hotels, Hotels & Travel, Venues & Event Spaces",0:0-0:0,0:0-0:0,0:0-0:0,0:0-0:0,0:0-0:0,0:0-0:0,0:0-0:0,NA,NA,NA,TRUE,NA,NA,NA,NA,NA,NA,NA,NA,NA,NA,NA,NA,NA,NA,NA,NA,NA,2,NA,NA,u'free',682.5
30,grEJZ7iyhUbF8xuwmFRdAA,Villa Rosa Inn,15 Chapala St,Santa Barbara,93101,CA,34.4115493,-119.6912666,204,2.5,"Event Planning & Services, Bed & Breakfast, Hotels & Travel, Hotels",0:0-0:0,0:0-0:0,0:0-0:0,0:0-0:0,0:0-0:0,0:0-0:0,0:0-0:0,NA,NA,NA,TRUE,NA,NA,NA,NA,NA,NA,NA,NA,NA,NA,NA,NA,NA,NA,NA,NA,NA,3,NA,NA,u'free',510
31,zmEFVIU5cakWga2cyskz2Q,Harbor View Inn,28 W Cabrillo Blvd,Santa Barbara,93101,CA,34.4119015,-119.6906104,304,3.5,"Hotels & Travel, Event Planning & Services, Hotels",0:0-0:0,0:0-0:0,0:0-0:0,0:0-0:0,0:0-0:0,0:0-0:0,0:0-0:0,NA,NA,NA,TRUE,NA,NA,NA,NA,NA,NA,NA,NA,NA,NA,NA,NA,NA,NA,NA,NA,NA,3,NA,NA,u'free',1064
32,kFdR21vPWa26COwiO7kOSQ,Franciscan Inn & Suites,109 Bath St,Santa Barbara,93101,CA,34.4098365,-119.6947637,136,4,"Hotels, Hotels & Travel, Event Planning & Services, Bed & Breakfast",0:0-0:0,0:0-0:0,0:0-0:0,0:0-0:0,0:0-0:0,0:0-0:0,0:0-0:0,NA,NA,NA,TRUE,NA,NA,FALSE,NA,NA,NA,NA,NA,NA,NA,NA,NA,NA,NA,NA,NA,NA,2,NA,NA,u'free',544
35,0jpFptAehZhLl3nkhHDanA,Belmond El Encanto,800 Alvarado Pl,Santa Barbara,93103,CA,34.4388519,-119.7043733,331,4,"Restaurants, Event Planning & Services, Hotels, Hotels & Travel",7:0-22:0,7:0-22:0,7:0-22:0,7:0-22:0,7:0-23:0,7:0-23:0,7:0-22:0,u'full_bar',"{'romantic': False, 'intimate': False, 'touristy': False, 'hipster': False, 'divey': False, 'classy': False, 'trendy': False, 'upscale': False, 'casual': False}",NA,TRUE,"{'garage': False, 'street': False, 'validated': False, 'lot': False, 'valet': False}",NA,TRUE,NA,FALSE,NA,NA,FALSE,NA,u'average',TRUE,u'dressy',FALSE,TRUE,TRUE,NA,TRUE,4,NA,NA,u'paid',1324
49,xIxaczgUFRr5C1LNbQSKow,San Ysidro Ranch,900 San Ysidro Ln,Santa Barbara,93108,CA,34.44687739,-119.623055,129,4.5,"Venues & Event Spaces, Hotels & Travel, Event Planning & Services, Hotels, Wedding Planning",0:0-0:0,0:0-0:0,0:0-0:0,0:0-0:0,0:0-0:0,0:0-0:0,0:0-0:0,NA,NA,NA,TRUE,NA,NA,NA,NA,NA,NA,NA,NA,NA,NA,NA,NA,NA,NA,NA,NA,NA,4,NA,NA,u'free',580.5
51,BensdYRuR-zra1g3nBJFXQ,La Casa De Maria,800 El Bosque Rd,Santa Barbara,93108,CA,34.445018,-119.623996,12,4.5,"Health Retreats, Venues & Event Spaces, Hotels & Travel, Restaurants, Event Planning & Services",8:0-23:0,8:0-23:0,8:0-23:0,8:0-23:0,8:0-23:0,8:0-23:0,8:0-23:0,NA,NA,NA,TRUE,NA,NA,NA,NA,NA,NA,NA,NA,NA,NA,NA,NA,NA,NA,NA,NA,NA,NA,NA,NA,NA,54
52,l-rGtJt0E7PAklT0IK7oFQ,Four Seasons Resort The Biltmore Santa Barbara,1260 Channel Drive,Santa Barbara,93108,CA,34.4173394,-119.64204,508,4.5,"Hotels & Travel, Hotels, Event Planning & Services, Restaurants, Venues & Event Spaces, Resorts",0:0-0:0,0:0-0:0,0:0-0:0,0:0-0:0,0:0-0:0,0:0-0:0,0:0-0:0,'full_bar',"{'touristy': False, 'hipster': False, 'romantic': False, 'divey': False, 'intimate': False, 'trendy': False, 'upscale': True, 'classy': True, 'casual': False}",TRUE,TRUE,"{'garage': False, 'street': False, 'validated': False, 'lot': False, 'valet': True}",NA,TRUE,NA,TRUE,"{'dessert': False, 'latenight': False, 'lunch': False, 'dinner': False, 'brunch': True, 'breakfast': True}",NA,TRUE,NA,u'average',TRUE,'dressy',FALSE,TRUE,TRUE,TRUE,FALSE,4,NA,TRUE,'free',2286
56,8A5LSwsKK5vXDH1M3_Tf1w,"The Ritz-Carlton Bacara, Santa Barbara",8301 Hollister Ave,Santa Barbara,93117,CA,34.43454513,-119.9206728,1383,3.5,"Restaurants, Beauty & Spas, American (New), Event Planning & Services, Hotels, Massage, Resorts, Day Spas, Hotels & Travel, Venues & Event Spaces",0:0-0:0,0:0-0:0,0:0-0:0,0:0-0:0,0:0-0:0,0:0-0:0,0:0-0:0,NA,NA,TRUE,TRUE,"{'garage': False, 'street': False, 'validated': False, 'lot': False, 'valet': True}",NA,TRUE,NA,NA,NA,NA,NA,NA,NA,NA,NA,NA,NA,NA,NA,NA,4,NA,NA,u'free',4840.5
59,pxIS0DCYF_CNeRICoVeDzw,Inn On Summerhill,2520 Lillie Ave,Summerland,93067,CA,34.4196928,-119.5934038,96,4,"Hotels & Travel, Event Planning & Services, Hotels, Bed & Breakfast",8:0-22:30,8:0-22:30,8:0-22:30,8:0-22:30,8:0-22:30,8:0-22:30,8:0-22:30,NA,NA,NA,TRUE,NA,NA,NA,NA,NA,NA,NA,NA,NA,NA,NA,NA,NA,NA,NA,NA,NA,3,NA,NA,u'free',384
63,mIhTKiCFvASrx1IrNT6Ktw,Ramada by Wyndham Santa Barbara,4770 Calle Real,Santa Barbara,93110,CA,34.4440217,-119.7879814,216,3,"Event Planning & Services, Hotels, Hotels & Travel",6:0-0:0,6:0-0:0,6:0-0:0,6:0-0:0,6:0-0:0,6:0-0:0,6:0-0:0,NA,NA,NA,TRUE,NA,NA,FALSE,NA,NA,NA,NA,NA,NA,NA,NA,NA,NA,NA,NA,NA,NA,2,NA,NA,u'free',648
64,j_MFw1jIyDU_Nt-J4wKCHA,Harbor House Inn,104 Bath St,Santa Barbara,93101,CA,34.4101551,-119.6935351,322,4.5,"Hotels & Travel, Hotels, Bed & Breakfast, Event Planning & Services",7:30-22:0,7:30-22:0,7:30-22:0,7:30-22:0,7:30-22:0,7:30-22:0,7:30-22:0,NA,NA,NA,TRUE,NA,NA,NA,NA,NA,NA,NA,NA,NA,NA,NA,NA,NA,NA,NA,NA,NA,2,NA,NA,u'free',1449
66,d-8uNLbRCntAg1evqnU4sw,Upham Hotel,1404 De La Vina St,Santa Barbara,93101,CA,34.42349,-119.709344,156,4,"Hotels, Hotels & Travel, Event Planning & Services, Venues & Event Spaces, Caterers, Bed & Breakfast",7:0-23:0,7:0-23:0,7:0-23:0,7:0-23:0,7:0-23:0,7:0-23:0,7:0-23:0,NA,NA,NA,TRUE,NA,NA,NA,NA,NA,NA,NA,NA,NA,NA,NA,NA,NA,NA,NA,NA,NA,3,NA,TRUE,u'free',624
67,TDXzJrOJTdja-3SIWZu6FQ,Santa Barbara Harbor,28 W Cabrillo Blvd,Santa Barbara,93101,CA,34.40383911,-119.6931381,32,4.5,"Event Planning & Services, Tours, Hotels, Hotels & Travel",NA,NA,NA,NA,NA,NA,NA,NA,NA,NA,TRUE,NA,NA,NA,NA,NA,NA,NA,NA,NA,NA,NA,NA,NA,NA,NA,NA,NA,1,NA,NA,'no',144
71,L4KmO9khg-x19gXaDhgsLA,Sunset Motel,3504 State St,Santa Barbara,93105,CA,34.44078,-119.7384698,61,2.5,"Hotels & Travel, Event Planning & Services, Hotels",8:0-22:0,8:0-22:0,8:0-22:0,8:0-22:0,8:0-22:0,8:0-22:0,8:0-22:0,NA,NA,NA,TRUE,NA,NA,NA,NA,NA,NA,NA,NA,NA,NA,NA,NA,NA,NA,NA,NA,NA,2,NA,NA,u'free',152.5
72,HrnSaz2f1WUEoAQQ6iD6gw,Lemon Tree Inn,2819 State St,Santa Barbara,93105,CA,34.43822593,-119.7250354,270,2.5,"Restaurants, Nightlife, Hotels & Travel, Hotels, Italian, Event Planning & Services",0:0-0:0,0:0-0:0,0:0-0:0,0:0-0:0,0:0-0:0,0:0-0:0,0:0-0:0,u'full_bar',"{'romantic': False, 'intimate': False, 'classy': False, 'hipster': True, 'divey': False, 'touristy': False, 'trendy': False, 'upscale': False, 'casual': True}",NA,TRUE,"{'garage': False, 'street': False, 'validated': False, 'lot': True, 'valet': False}",NA,NA,NA,TRUE,NA,NA,TRUE,NA,u'quiet',TRUE,u'casual',FALSE,TRUE,TRUE,NA,TRUE,2,NA,NA,u'free',675
73,FLFhyPpg3DNj_8YE2x4upw,The Ritz-Carlton Spa - Santa Barbara,8301 Hollister Ave,Santa Barbara,93117,CA,34.4335126,-119.9206407,86,4,"Day Spas, Beauty & Spas, Hotels, Event Planning & Services, Shopping, Resorts, Hotels & Travel, Massage",10:0-17:0,10:0-17:0,10:0-17:0,10:0-17:0,10:0-17:0,10:0-17:0,10:0-17:0,NA,NA,TRUE,TRUE,"{'garage': False, 'street': False, 'validated': False, 'lot': False, 'valet': True}",NA,NA,NA,NA,NA,NA,NA,NA,NA,NA,NA,NA,NA,NA,NA,NA,3,NA,TRUE,u'free',344
76,qaW-xH2tjfG0bUisSSdfAA,Ala Mar Motel,102 W Cabrillo Blvd,Santa Barbara,93101,CA,34.4111834,-119.6908593,139,2,"Hotels, Event Planning & Services, Hotels & Travel",0:0-0:0,0:0-0:0,0:0-0:0,0:0-0:0,0:0-0:0,0:0-0:0,0:0-0:0,NA,NA,NA,TRUE,NA,NA,NA,NA,NA,NA,NA,NA,NA,NA,NA,NA,NA,NA,NA,NA,NA,2,NA,NA,u'free',278
77,ljbmEIJs2Ta1yGxt18YuhQ,Best Western Plus South Coast Inn,5620 Calle Real,Goleta,93117,CA,34.44194157,-119.8201023,129,3.5,"Event Planning & Services, Hotels, Hotels & Travel",0:0-0:0,0:0-0:0,0:0-0:0,0:0-0:0,0:0-0:0,0:0-0:0,0:0-0:0,NA,NA,NA,TRUE,NA,NA,NA,NA,NA,NA,NA,NA,NA,NA,NA,NA,NA,NA,NA,NA,NA,2,NA,NA,u'free',451.5
82,_xMuwXkwqkJ8h2Jrj_ZsPQ,UCSB Faculty Club Guest Rooms,552 University Rd,Santa Barbara,93106,CA,34.41238069,-119.8512215,6,4.5,"Hotels & Travel, Event Planning & Services, Hotels",NA,NA,NA,NA,NA,NA,NA,NA,NA,NA,TRUE,NA,NA,NA,NA,NA,NA,NA,NA,NA,NA,NA,NA,NA,NA,NA,NA,NA,2,NA,NA,'free',27
85,f0g9JK6FUWNVgmS7AnJ3Gg,Orange Tree Inn,1920 State St,Santa Barbara,93101,CA,34.430838,-119.713601,106,2,"Hotels & Travel, Event Planning & Services, Hotels",0:0-0:0,0:0-0:0,0:0-0:0,0:0-0:0,0:0-0:0,0:0-0:0,0:0-0:0,NA,NA,NA,TRUE,NA,NA,NA,NA,NA,NA,NA,NA,NA,NA,NA,NA,NA,NA,NA,NA,NA,2,NA,NA,u'free',212
86,lJcc3BOuEwT8dMJwc4NXKg,Blue Sands Inn,421 S Milpas St,Santa Barbara,93103,CA,34.4174998,-119.6728902,38,3.5,"Hotels & Travel, Event Planning & Services, Hotels",8:0-22:0,8:0-22:0,8:0-22:0,8:0-22:0,8:0-22:0,7:0-22:0,7:0-22:0,NA,NA,NA,TRUE,NA,NA,NA,NA,NA,NA,NA,NA,NA,NA,NA,NA,NA,NA,NA,NA,NA,3,NA,NA,u'free',133
95,Zprp-p1zmyL3-DRM3fG92A,Harbour House Inn,104 Bath St,Santa Barbara,93101,CA,34.4101551,-119.6935351,13,5,"Hotels & Travel, Vacation Rentals, Event Planning & Services, Hotels",NA,NA,NA,NA,NA,NA,NA,NA,NA,NA,NA,NA,NA,NA,NA,NA,NA,NA,NA,NA,NA,NA,NA,NA,NA,NA,NA,NA,NA,NA,NA,NA,65
98,eFafEbJKZ4gs0Eefl20mOA,A White Jasmine Inn,1327 Bath St,Santa Barbara,93101,CA,34.421933,-119.710226,127,4,"Hotels & Travel, Bed & Breakfast",NA,NA,NA,NA,NA,NA,NA,NA,NA,NA,NA,NA,NA,NA,NA,NA,NA,NA,NA,NA,NA,NA,NA,NA,NA,NA,NA,NA,NA,NA,NA,u'free',508
105,5skL69RhjE0byYLjyqVG5w,Santa Barbara Inn,901 E Cabrillo Blvd,Santa Barbara,93103,CA,34.41716808,-119.6725323,180,4,"Event Planning & Services, Hotels, Hotels & Travel",0:0-0:0,0:0-0:0,0:0-0:0,0:0-0:0,0:0-0:0,0:0-0:0,0:0-0:0,NA,NA,NA,TRUE,NA,NA,FALSE,NA,NA,NA,NA,NA,NA,NA,NA,NA,NA,NA,NA,NA,NA,2,NA,NA,u'free',720
106,v2L2HnZzYvHPgFcVBg2TUw,Summerland Inn,2161 Ortega Hill Rd,Summerland,93067,CA,34.421595,-119.6045685,56,2,"Hotels, Hotels & Travel, Bed & Breakfast, Event Planning & Services",NA,NA,NA,NA,NA,NA,NA,NA,NA,NA,TRUE,NA,NA,NA,NA,NA,NA,NA,NA,NA,NA,NA,NA,NA,NA,NA,NA,NA,2,NA,NA,u'free',112
109,A9NqmUP1L3eU40a64q5Kdw,Kimpton The Goodland,5650 Calle Real,Goleta,93117,CA,34.44156253,-119.8209244,444,3.5,"Hotels, Event Planning & Services, Hotels & Travel, Venues & Event Spaces",0:0-0:0,0:0-0:0,0:0-0:0,0:0-0:0,0:0-0:0,0:0-0:0,0:0-0:0,NA,NA,NA,TRUE,NA,NA,TRUE,NA,NA,NA,NA,NA,NA,NA,NA,NA,NA,NA,NA,NA,NA,2,NA,TRUE,u'free',1554
110,J86LJtszDf3saL0B51W_xw,Holiday Inn Express & Suites Carpinteria,5606 Carpinteria Ave,Carpinteria,93013,CA,34.3925101,-119.5094567,149,3.5,"Hotels, Venues & Event Spaces, Hotels & Travel, Event Planning & Services",0:0-0:0,0:0-0:0,0:0-0:0,0:0-0:0,0:0-0:0,0:0-0:0,0:0-0:0,NA,NA,NA,TRUE,NA,NA,TRUE,NA,NA,NA,NA,NA,NA,NA,NA,NA,NA,NA,NA,NA,NA,2,NA,TRUE,u'free',521.5
112,iLgoPRWEJRr1NMUxzBieug,Hacienda Motel,3643 State St,Santa Barbara,93190,CA,34.4400491,-119.7419479,23,2,"Event Planning & Services, Hotels & Travel, Hotels",NA,NA,NA,NA,NA,NA,NA,NA,NA,NA,TRUE,NA,NA,NA,NA,NA,NA,NA,NA,NA,NA,NA,NA,NA,NA,NA,NA,NA,1,NA,NA,u'free',46
113,YMPgp2EUXV0DRFG0M08AvQ,Town & Country Inn,2800 State St,Santa Barbara,93105,CA,34.4390034,-119.7250826,76,2,"Hotels, Event Planning & Services, Hotels & Travel",NA,NA,NA,NA,NA,NA,NA,NA,NA,NA,TRUE,NA,NA,NA,NA,NA,NA,NA,NA,NA,NA,NA,NA,NA,NA,NA,NA,NA,1,NA,NA,u'free',152
114,kUTmOqti8IaI3wF2hZBPBQ,Carla's Cottages,2126 E Valley Rd,Montecito,93108,CA,34.4372657,-119.6053654,6,5,"Hotels & Travel, Guest Houses, Vacation Rentals",8:0-20:0,8:0-20:0,8:0-20:0,8:0-20:0,8:0-20:0,8:0-20:0,12:0-20:0,NA,NA,NA,TRUE,NA,NA,NA,NA,NA,NA,NA,NA,NA,NA,NA,NA,NA,NA,NA,NA,NA,2,NA,NA,'free',30
115,zpeKRRCjRpmwT4ODA-RfLg,Fiesta Inn & Suites,1816 State St,Santa Barbara,93101,CA,34.4296092,-119.7125107,31,1.5,"Hotels, Event Planning & Services, Hotels & Travel",NA,NA,NA,NA,NA,NA,NA,NA,NA,NA,TRUE,NA,NA,NA,NA,NA,NA,NA,NA,NA,NA,NA,NA,NA,NA,NA,NA,NA,2,NA,NA,u'free',46.5
116,LqY3NrBE0trSnDj87KAn3A,Sandyland Reef Inn,4160 Via Real,Carpinteria,93013,CA,34.4051958,-119.5327704,130,2,"Hotels, Hotels & Travel, Event Planning & Services",NA,NA,NA,NA,NA,NA,NA,NA,NA,NA,TRUE,NA,NA,NA,NA,NA,NA,NA,NA,NA,NA,NA,NA,NA,NA,NA,NA,NA,2,NA,NA,u'free',260
117,OuXwt35S4Fx3ZpeDGACSdg,Super 8 by Wyndham Santa Barbara/Goleta,"6021 Hollister Ave, US Hwy 101  Exit Fairview Ave",Goleta,93117,CA,34.435352,-119.8310556,58,2,"Hotels, Event Planning & Services, Hotels & Travel",NA,NA,NA,NA,NA,NA,NA,NA,NA,NA,TRUE,NA,NA,NA,NA,NA,NA,NA,NA,NA,NA,NA,NA,NA,NA,NA,NA,NA,2,NA,NA,u'free',116
118,MfyUK58sdUokMdIZNdem0w,Sandpiper Lodge,3525 State St,Santa Barbara,93105,CA,34.439351,-119.739423,186,2.5,"Event Planning & Services, Hotels, Hotels & Travel",NA,NA,NA,NA,NA,NA,NA,NA,NA,NA,TRUE,NA,NA,NA,NA,NA,NA,NA,NA,NA,NA,NA,NA,NA,NA,NA,NA,NA,2,NA,NA,u'free',465
119,ixE9yNFYyXYtuZIEKKUl_A,Casa Del Sol,5585 Carpinteria Ave,Carpinteria,93013,CA,34.3915495,-119.5101665,50,2.5,"Real Estate, Property Management, Home Services, Bed & Breakfast, Hotels & Travel, Event Planning & Services, Hotels, Vacation Rentals",7:30-22:30,7:30-22:30,7:30-22:30,7:30-22:30,7:30-22:30,7:30-22:30,7:30-22:30,NA,NA,NA,TRUE,NA,NA,NA,NA,NA,NA,NA,NA,NA,NA,NA,NA,NA,NA,NA,NA,NA,2,NA,NA,u'free',125
120,QMJ0NWkqBdEcHW54IMCCFg,Avania Inn of Santa Barbara,128 Castillo St,Santa Barbara,93101,CA,34.409821,-119.69561,201,2.5,"Resorts, Hotels & Travel, Hotels, Event Planning & Services",7:0-22:0,7:0-22:0,7:0-22:0,7:0-22:0,7:0-22:0,7:0-22:0,7:0-22:0,NA,NA,NA,TRUE,NA,NA,NA,NA,NA,NA,NA,NA,NA,NA,NA,NA,NA,NA,NA,NA,NA,2,NA,NA,u'free',502.5
121,fXIsVDI9SEdJO9901CGfyw,Cabrillo Inn at the Beach,931 E Cabrillo Blvd,Santa Barbara,93103,CA,34.4172918,-119.6714417,122,2.5,"Hotels, Event Planning & Services, Hotels & Travel, Bed & Breakfast, Vacation Rentals",0:0-0:0,0:0-0:0,0:0-0:0,0:0-0:0,0:0-0:0,0:0-0:0,0:0-0:0,NA,NA,NA,TRUE,NA,NA,NA,NA,NA,NA,NA,NA,NA,NA,NA,NA,NA,NA,NA,NA,NA,2,NA,NA,u'free',305
122,69O7BOmGCpfZ9tzQdLtnjw,Oasis Inn and Suites,3344 State St,Santa Barbara,93105,CA,34.4407031,-119.7364401,103,2.5,"Hotels, Event Planning & Services, Hotels & Travel",NA,NA,NA,NA,NA,NA,NA,NA,NA,NA,TRUE,NA,NA,NA,NA,NA,NA,NA,NA,NA,NA,NA,NA,NA,NA,NA,NA,NA,2,NA,NA,u'free',257.5
123,lePpoZDJ_U7LIopHpr5zRA,Extended Stay America - Santa Barbara - Calle Real,4870 Calle Real,Santa Barbara,93111,CA,34.443471,-119.7915028,124,2.5,"Real Estate, Hotels, Event Planning & Services, Home Services, Hotels & Travel, Apartments",0:0-0:0,0:0-0:0,0:0-0:0,0:0-0:0,0:0-0:0,0:0-0:0,0:0-0:0,NA,NA,NA,TRUE,NA,NA,NA,NA,NA,NA,NA,NA,NA,NA,NA,NA,NA,NA,NA,NA,NA,2,NA,NA,u'free',310
124,rbT-MIIvpSQYmnADue9xKA,Best Western Plus Carpinteria Inn,4558 Carpinteria Ave,Carpinteria,93013,CA,34.40212067,-119.5259054,292,3,"Hotels & Travel, Event Planning & Services, Hotels",0:0-0:0,0:0-0:0,0:0-0:0,0:0-0:0,0:0-0:0,0:0-0:0,0:0-0:0,NA,NA,NA,TRUE,NA,NA,NA,NA,NA,NA,NA,NA,NA,NA,NA,NA,NA,NA,NA,NA,NA,2,NA,NA,u'free',876
125,qQmdJFMWoDe2T2lbacBE8g,Best Western Plus Pepper Tree Inn,3850 State St,Santa Barbara,93105,CA,34.4408758,-119.7486002,210,3.5,"Event Planning & Services, Hotels & Travel, Hotels",0:0-0:0,0:0-0:0,0:0-0:0,0:0-0:0,0:0-0:0,0:0-0:0,0:0-0:0,NA,NA,NA,TRUE,NA,NA,NA,NA,NA,NA,NA,NA,NA,NA,NA,NA,NA,NA,NA,NA,NA,2,NA,NA,u'free',735
126,UVF59iJepR3kpuG-1HMiQA,Secret Garden Inn & Cottages,1908 Bath St,Santa Barbara,93101,CA,34.4272406,-119.716988,109,3.5,"Event Planning & Services, Bed & Breakfast, Hotels & Travel, Hotels",15:0-19:0,15:0-19:0,15:0-19:0,15:0-19:0,15:0-19:0,15:0-19:0,15:0-19:0,NA,NA,NA,TRUE,NA,NA,NA,NA,NA,NA,NA,NA,NA,NA,NA,NA,NA,NA,NA,NA,NA,2,NA,NA,u'free',381.5
127,ZZQs5sQpWnYOfolSb3CXMA,Mason Beach Inn,324 W Mason St,Santa Barbara,93101,CA,34.4094606,-119.6947742,122,3.5,"Hotels & Travel, Event Planning & Services, Hotels, Bed & Breakfast",7:0-7:0,7:0-7:0,7:0-7:0,7:0-7:0,7:0-7:0,7:0-7:0,7:0-7:0,NA,NA,NA,TRUE,NA,NA,NA,NA,NA,NA,NA,NA,NA,NA,NA,NA,NA,NA,NA,NA,NA,2,NA,NA,u'free',427
128,1MSOoGQuDbj6C5euUoS-hA,Days Inn Santa Barbara,116 Castillo Street,Santa Barbara,93101,CA,34.4095661,-119.6951589,44,3.5,"Event Planning & Services, Hotels & Travel, Hotels",0:0-0:0,0:0-0:0,0:0-0:0,0:0-0:0,0:0-0:0,0:0-0:0,0:0-0:0,NA,NA,NA,TRUE,NA,NA,NA,NA,NA,NA,NA,NA,NA,NA,NA,NA,NA,NA,NA,NA,NA,2,NA,NA,u'free',154
129,GSOu9eugfZRtCndhMSEiNQ,Best Western Plus Santa Barbara,2220 Bath St,Santa Barbara,93105,CA,34.4302486,-119.720863,177,3.5,"Real Estate, Event Planning & Services, Apartments, Home Services, Hotels & Travel, Hotels",0:0-0:0,0:0-0:0,0:0-0:0,0:0-0:0,0:0-0:0,0:0-0:0,0:0-0:0,NA,NA,NA,TRUE,NA,NA,NA,NA,NA,NA,NA,NA,NA,NA,NA,NA,NA,NA,NA,NA,NA,2,NA,NA,u'free',619.5
130,kvvQoiwCk3TzyYGh9B7m_Q,Pacifica Suites,5490 Hollister Ave,Santa Barbara,93111,CA,34.436448,-119.8159632,183,3.5,"Hotels, Hotels & Travel, Event Planning & Services",0:0-0:0,0:0-0:0,0:0-0:0,0:0-0:0,0:0-0:0,0:0-0:0,0:0-0:0,NA,NA,NA,TRUE,NA,NA,NA,NA,NA,NA,NA,NA,NA,NA,NA,NA,NA,NA,NA,NA,NA,2,NA,NA,u'free',640.5
131,7j8rT3FZbXgL4k0DnXi2Mw,"West Beach Inn, a Coast Hotel",306 W Cabrillo Blvd,Santa Barbara,93101,CA,34.4092802,-119.69348,137,4,"Event Planning & Services, Hotels, Hotels & Travel",0:0-0:0,0:0-0:0,0:0-0:0,0:0-0:0,0:0-0:0,0:0-0:0,0:0-0:0,NA,NA,NA,TRUE,NA,NA,NA,NA,NA,NA,NA,NA,NA,NA,NA,NA,NA,NA,NA,NA,NA,2,NA,NA,u'free',548
132,_W9lITxMHNInaS2Lv2XoUw,Casa Del Mar Inn,18 Bath St,Santa Barbara,93101,CA,34.40961902,-119.6932475,194,4,"Hotels & Travel, Event Planning & Services, Hotels, Bed & Breakfast",7:0-22:0,7:0-22:0,7:0-22:0,7:0-22:0,7:0-22:0,7:0-22:0,7:0-22:0,NA,NA,NA,TRUE,NA,NA,NA,NA,NA,NA,NA,NA,NA,NA,NA,NA,NA,NA,NA,NA,NA,2,NA,NA,u'free',776
133,lkLTSknBEvbLGwwc1lQRlQ,Inn by the Harbor,433 W Montecito St,Santa Barbara,93101,CA,34.40974664,-119.6982209,133,4,"Hotels, Hotels & Travel, Event Planning & Services",0:0-0:0,0:0-0:0,0:0-0:0,0:0-0:0,0:0-0:0,0:0-0:0,0:0-0:0,NA,NA,NA,TRUE,NA,NA,NA,NA,NA,NA,NA,NA,NA,NA,NA,NA,NA,NA,NA,NA,NA,2,NA,NA,u'free',532
134,qxo35x030xfjwjxJ4LGC6w,The Presidio Hotel,1620 State St,Santa Barbara,93101,CA,34.4277775,-119.7100343,215,4,"Hotels & Travel, Hotels, Event Planning & Services",NA,NA,NA,NA,NA,NA,NA,NA,NA,NA,TRUE,NA,NA,NA,NA,NA,NA,NA,NA,NA,NA,NA,NA,NA,NA,NA,NA,NA,2,NA,NA,u'free',860
135,cCbAiX9ucA2awIijfSN3cQ,Agave Inn,3222 State St,Santa Barbara,93105,CA,34.440737,-119.7333245,184,4,"Hotels, Event Planning & Services, Hotels & Travel",NA,NA,NA,NA,NA,NA,NA,NA,NA,NA,TRUE,NA,NA,NA,NA,NA,NA,NA,NA,NA,NA,NA,NA,NA,NA,NA,NA,NA,2,NA,NA,u'free',736
136,CgjtA5DXxQBqWSvcC8zl6Q,Castillo Inn at the Beach,22 Castillo St,Santa Barbara,93101,CA,34.4088277,-119.6946257,233,4.5,"Hotels & Travel, Event Planning & Services, Hotels",0:0-0:0,0:0-0:0,0:0-0:0,0:0-0:0,0:0-0:0,0:0-0:0,0:0-0:0,NA,NA,NA,TRUE,NA,NA,NA,NA,NA,NA,NA,NA,NA,NA,NA,NA,NA,NA,NA,NA,NA,2,NA,NA,u'free',1048.5
137,pfl45YV5Us5NvDm5cLremw,Lavender Inn by the Sea,206 Castillo St,Santa Barbara,93101,CA,34.40976265,-119.6982319,165,4.5,"Hotels, Event Planning & Services, Hotels & Travel",0:0-0:0,0:0-0:0,0:0-0:0,0:0-0:0,0:0-0:0,0:0-0:0,0:0-0:0,NA,NA,NA,TRUE,NA,NA,NA,NA,NA,NA,NA,NA,NA,NA,NA,NA,NA,NA,NA,NA,NA,2,NA,NA,u'free',742.5
138,F2PecFeTI-I9FTWlQCjMGg,Motel 6 Carpinteria North,4200 Via Real,Carpinteria,93013,CA,34.4048841,-119.5314791,107,2,"Hotels & Travel, Event Planning & Services, Hotels",0:0-0:0,0:0-0:0,0:0-0:0,0:0-0:0,0:0-0:0,0:0-0:0,0:0-0:0,NA,NA,NA,TRUE,NA,NA,NA,NA,NA,NA,NA,NA,NA,NA,NA,NA,NA,NA,NA,NA,NA,2,NA,NA,u'paid',214
139,IK4iU_hsbzLPbRhZRv1jrw,Motel 6 - Goleta,5897 Calle Real,Goleta,93117,CA,34.44100866,-119.8279461,91,2.5,"Event Planning & Services, Hotels, Hotels & Travel",0:0-0:0,0:0-0:0,0:0-0:0,0:0-0:0,0:0-0:0,0:0-0:0,0:0-0:0,NA,NA,NA,TRUE,NA,NA,NA,NA,NA,NA,NA,NA,NA,NA,NA,NA,NA,NA,NA,NA,NA,2,NA,NA,u'paid',227.5
140,xZlP6e7S2RdWu5eB-fuNKw,Motel 6,5550 Carpinteria Ave,Carpinteria,93013,CA,34.393225,-119.51035,175,2.5,"Hotels, Event Planning & Services, Hotels & Travel",0:0-0:0,0:0-0:0,0:0-0:0,0:0-0:0,0:0-0:0,0:0-0:0,0:0-0:0,NA,NA,NA,TRUE,NA,NA,NA,NA,NA,NA,NA,NA,NA,NA,NA,NA,NA,NA,NA,NA,NA,2,NA,NA,u'paid',437.5
142,0-EPTwgl6sDaPSVI39YqmQ,Old Yacht Club Inn,431 Corona Del Mar Dr,Santa Barbara,93103,CA,34.41839451,-119.6716672,78,3.5,"Hotels & Travel, Hotels, Event Planning & Services, Vacation Rentals, Bed & Breakfast",0:0-0:0,0:0-0:0,0:0-0:0,0:0-0:0,0:0-0:0,0:0-0:0,0:0-0:0,NA,NA,NA,TRUE,NA,NA,NA,NA,NA,NA,NA,NA,NA,NA,NA,NA,NA,NA,NA,NA,NA,3,NA,NA,u'free',273
143,7ksGJFAvz6UJa_QrcK8ZEg,Hotel Santa Barbara,533 State St,Santa Barbara,93101,CA,34.4174724,-119.6967175,261,3.5,"Hotels & Travel, Event Planning & Services, Hotels",0:0-0:0,0:0-0:0,0:0-0:0,0:0-0:0,0:0-0:0,0:0-0:0,0:0-0:0,NA,NA,NA,TRUE,NA,NA,NA,NA,NA,NA,NA,NA,NA,NA,NA,NA,NA,NA,NA,NA,NA,3,NA,NA,u'free',913.5
144,Na0AbPf1GDkN33FllkOfDQ,Simpson House Inn,121 E Arrellaga St,Santa Barbara,93101,CA,34.4290241,-119.7080975,113,4.5,"Bed & Breakfast, Event Planning & Services, Hotels & Travel, Hotels",7:0-21:0,7:0-21:0,7:0-21:0,7:0-21:0,7:0-21:0,7:0-21:0,7:0-21:0,NA,NA,NA,TRUE,NA,NA,NA,NA,NA,NA,NA,NA,NA,NA,NA,NA,NA,NA,NA,NA,NA,3,NA,NA,u'free',508.5
145,tRpeP4jrqoR89dK2lXIClQ,Carpinteria Shores,4975 Sandyland Rd,Carpinteria,93013,CA,34.3940407,-119.525464,8,4,"Hotels, Hotels & Travel, Event Planning & Services",9:0-17:0,9:0-17:0,9:0-17:0,9:0-17:0,9:0-17:0,9:0-17:0,10:0-16:0,NA,NA,NA,FALSE,NA,NA,NA,NA,NA,NA,NA,NA,NA,NA,NA,NA,NA,NA,NA,NA,NA,3,NA,NA,'free',32
148,JL9BqMNHZmxa9omybAk4jA,Coastal Hideaways,"1211 Coast Village Rd, Ste 4",Santa Barbara,93108,CA,34.4205752,-119.6441788,19,2.5,"Home Services, Vacation Rentals, Event Planning & Services, Real Estate Services, Hotels, Hotels & Travel, Real Estate, Vacation Rental Agents",9:0-18:0,9:0-18:0,9:0-18:0,9:0-18:0,9:0-18:0,9:0-18:0,9:0-18:0,NA,NA,NA,TRUE,NA,NA,NA,NA,NA,NA,NA,NA,NA,NA,NA,NA,NA,NA,NA,NA,NA,NA,NA,NA,NA,47.5
153,9EYjOTfvKWKOpCh_WY_zLg,Beachside Inn,336 W Cabrillo Blvd,Santa Barbara,93101,CA,34.4084273,-119.693869,55,2.5,"Hotels, Hotels & Travel, Event Planning & Services",0:0-0:0,0:0-0:0,0:0-0:0,0:0-0:0,0:0-0:0,0:0-0:0,0:0-0:0,NA,NA,NA,TRUE,NA,NA,NA,NA,NA,NA,NA,NA,NA,NA,NA,NA,NA,NA,NA,NA,NA,NA,NA,NA,u'free',137.5
154,JjNejuk84OdPCJsmYMK4iA,Montecito Village Travel,3329 State St,Santa Barbara,93105,CA,34.439849,-119.7359487,9,4.5,"Event Planning & Services, Travel Services, Travel Agents, Hotels, Hotels & Travel",9:0-17:0,9:0-17:0,9:0-17:0,9:0-17:0,9:0-17:0,NA,NA,NA,NA,NA,TRUE,NA,NA,NA,NA,NA,NA,NA,NA,NA,NA,NA,NA,NA,NA,NA,NA,NA,NA,NA,NA,u'free',40.5
156,lBbgr4T-xqyx5cT5IT864Q,Lions Park,6197 Casitas Pass Rd,Carpinteria,93013,CA,34.40203695,-119.4902873,20,5,"Hotels, Hotels & Travel, Event Planning & Services, Active Life, Venues & Event Spaces, Parks, Wedding Planning",9:0-22:0,9:0-22:0,9:0-22:0,9:0-22:0,9:0-22:0,9:0-22:0,9:0-22:0,NA,NA,TRUE,TRUE,"{'garage': False, 'street': False, 'validated': False, 'lot': True, 'valet': False}",NA,NA,NA,TRUE,NA,NA,NA,NA,NA,NA,NA,NA,NA,NA,NA,NA,2,NA,NA,'no',100
158,XGGPXLaa_B2Qc79cq9YPlg,Beach House Inn,320 W Yanonali St,Santa Barbara,93101,CA,34.4103881,-119.6958943,96,4.5,"Apartments, Hotels, Hotels & Travel, Home Services, Event Planning & Services, Real Estate",NA,NA,NA,NA,NA,NA,NA,NA,NA,NA,TRUE,NA,NA,TRUE,NA,NA,NA,NA,NA,NA,NA,NA,NA,NA,NA,NA,NA,NA,2,NA,NA,u'free',432
162,DcW3X21Obl6MQWVJpqVNlQ,Palmoro House,424 Por La Mar Dr,Santa Barbara,93103,CA,34.4186883,-119.67127,8,2,"Event Planning & Services, Hotels & Travel, Hotels",NA,NA,NA,NA,NA,NA,NA,NA,NA,NA,NA,NA,NA,NA,NA,NA,NA,NA,NA,NA,NA,NA,NA,NA,NA,NA,NA,NA,NA,NA,NA,NA,16
178,_e_7wTfQYZEx3MJLBqvClg,Hideaway,420 W Montecito St,Santa Barbara,93101,CA,34.41015136,-119.6981969,19,3,"Hotels, Hotels & Travel, Event Planning & Services",7:0-22:0,7:0-22:0,7:0-22:0,7:0-22:0,7:0-22:0,7:0-22:0,7:0-22:0,NA,NA,NA,NA,NA,NA,NA,NA,NA,NA,NA,NA,NA,NA,NA,NA,NA,NA,NA,NA,NA,NA,NA,NA,NA,57
197,yn6Sa3nb7piagH95bzVvlg,Hampton Inn Santa Barbara/Goleta,5665 Hollister Ave,Goleta,93117,CA,34.43515201,-119.8222348,152,3.5,"Hotels, Event Planning & Services, Venues & Event Spaces, Hotels & Travel",0:0-0:0,0:0-0:0,0:0-0:0,0:0-0:0,0:0-0:0,0:0-0:0,0:0-0:0,NA,NA,NA,TRUE,NA,NA,NA,NA,NA,NA,NA,NA,NA,NA,NA,NA,NA,NA,NA,NA,NA,2,NA,NA,u'free',532
198,bxDk3YLoMOTdmmf_4AN_4g,Pacific Crest Hotel Santa Barbara,433 Corona Del Mar,Santa Barbara,93103,CA,34.4183468,-119.6713591,128,4,"Hotels, Home Services, Hotels & Travel, Real Estate, Apartments, Event Planning & Services",8:0-21:0,8:0-21:0,8:0-21:0,8:0-21:0,8:0-21:0,8:0-21:0,8:0-21:0,NA,NA,NA,TRUE,NA,NA,NA,NA,NA,NA,NA,NA,NA,NA,NA,NA,NA,NA,NA,NA,NA,2,NA,NA,u'free',512
199,956T4nw0gCoORsLtes6rlg,Motel 6 Santa Barbara - State Street,3505 State St,Santa Barbara,93105,CA,34.4399624,-119.7389569,86,2,"Hotels & Travel, Hotels, Event Planning & Services",0:0-0:0,0:0-0:0,0:0-0:0,0:0-0:0,0:0-0:0,0:0-0:0,0:0-0:0,NA,NA,NA,TRUE,NA,NA,NA,NA,NA,NA,NA,NA,NA,NA,NA,NA,NA,NA,NA,NA,NA,2,NA,NA,u'paid',172
200,nJp-4Qb_eeXWnojBcM3hBQ,Motel 6 Santa Barbara - Beach,443 Corona Del Mar,Santa Barbara,93103,CA,34.4180701,-119.6709256,129,3,"Hotels, Hotels & Travel, Event Planning & Services",0:0-0:0,0:0-0:0,0:0-0:0,0:0-0:0,0:0-0:0,0:0-0:0,0:0-0:0,NA,NA,NA,TRUE,NA,NA,NA,NA,NA,NA,NA,NA,NA,NA,NA,NA,NA,NA,NA,NA,NA,2,NA,NA,u'paid',387
201,qfOuGY0MMh068ZFDbG5Egw,Cheshire Cat Inn,36 W Valerio St,Santa Barbara,93101,CA,34.4272075,-119.7120215,232,4.5,"Bed & Breakfast, Event Planning & Services, Hotels & Travel, Hotels, Guest Houses",0:0-0:0,0:0-0:0,0:0-0:0,0:0-0:0,0:0-0:0,0:0-0:0,0:0-0:0,NA,NA,NA,TRUE,NA,NA,NA,NA,NA,NA,NA,NA,NA,NA,NA,NA,NA,NA,NA,NA,NA,3,NA,NA,u'free',1044
202,BvGL0uHI5laa5hKIsnPbNQ,Inn At East Beach,1029 Orilla Del Mar,Santa Barbara,93103,CA,34.4182352,-119.6699629,257,3.5,"Hotels, Hotels & Travel, Event Planning & Services",7:0-17:0,7:0-17:0,7:0-17:0,7:0-17:0,7:0-17:0,7:0-17:0,7:0-17:0,NA,NA,NA,TRUE,NA,NA,FALSE,NA,NA,NA,NA,NA,NA,NA,NA,NA,NA,NA,NA,NA,NA,2,NA,NA,u'free',899.5
203,rh0NFfOWQ_eSTYHup9pAkQ,Coast Village Inn,1188 Coast Village Road,Santa Barbara,93108,CA,34.4215789,-119.6452317,61,3.5,"Hotels, Hotels & Travel, Event Planning & Services",0:0-0:0,0:0-0:0,0:0-0:0,0:0-0:0,0:0-0:0,0:0-0:0,0:0-0:0,NA,NA,NA,TRUE,NA,NA,FALSE,NA,NA,NA,NA,NA,NA,NA,NA,NA,NA,NA,NA,NA,NA,2,NA,NA,u'free',213.5
204,bjsBMTS4RD7Bs35ugv_fPA,The Eagle Inn,232 Natoma Ave,Santa Barbara,93101,CA,34.4105211,-119.6943283,368,4.5,"Event Planning & Services, Hotels & Travel, Bed & Breakfast, Hotels",8:0-22:0,8:0-22:0,8:0-22:0,8:0-22:0,8:0-22:0,8:0-22:0,8:0-22:0,NA,NA,NA,TRUE,NA,NA,FALSE,NA,NA,NA,NA,NA,NA,NA,NA,NA,NA,NA,NA,NA,NA,2,NA,NA,u'free',1656
205,UjOq8dBVNv9weHrVDqm3kQ,Hotel Milo Santa Barbara,202 W Cabrillo Blvd,Santa Barbara,93101,CA,34.41043854,-119.6920395,825,3,"Hotels, Event Planning & Services, Hotels & Travel",0:0-0:0,0:0-0:0,0:0-0:0,0:0-0:0,0:0-0:0,0:0-0:0,0:0-0:0,NA,NA,NA,TRUE,NA,NA,TRUE,NA,NA,NA,NA,NA,NA,NA,NA,NA,NA,NA,NA,NA,NA,3,NA,NA,u'free',2475
206,clR4TxO8xgQrifYzJQ9OJg,De La Vina Inn,1323 De La Vina St,Santa Barbara,93101,CA,34.422435,-119.708952,22,4.5,"Hotels, Vacation Rentals, Event Planning & Services, Hotels & Travel, Bed & Breakfast, Venues & Event Spaces",10:0-20:0,10:0-20:0,10:0-20:0,9:0-0:0,10:0-20:0,10:0-20:0,10:0-20:0,NA,NA,NA,TRUE,"{'garage': False, 'street': False, 'validated': False, 'lot': False, 'valet': False}",NA,TRUE,NA,NA,NA,NA,NA,NA,NA,NA,NA,NA,NA,NA,NA,NA,2,NA,FALSE,'free',99
207,rpVYn86FH8P8u2DLLPnzYw,The Waterman Santa Barbara,12 E Montecito St,Santa Barbara,93101,CA,34.4150898,-119.6924589,20,2.5,"Hotels & Travel, Event Planning & Services, Hotels, Venues & Event Spaces",0:0-0:0,0:0-0:0,0:0-0:0,0:0-0:0,0:0-0:0,0:0-0:0,0:0-0:0,NA,NA,NA,TRUE,NA,NA,FALSE,NA,NA,NA,NA,NA,NA,NA,NA,NA,NA,NA,NA,NA,NA,NA,NA,TRUE,u'free',50
208,MnTKfAJmcLYB1XA7L7uCsQ,Courtyard by Marriott Santa Barbara Goleta,401 Storke Road,Goleta,93117,CA,34.42484665,-119.8705215,122,3.5,"Event Planning & Services, Venues & Event Spaces, Hotels & Travel, Hotels",0:0-0:0,0:0-0:0,0:0-0:0,0:0-0:0,0:0-0:0,0:0-0:0,0:0-0:0,NA,NA,NA,TRUE,NA,NA,FALSE,NA,NA,NA,NA,NA,NA,NA,NA,NA,NA,NA,NA,NA,NA,2,NA,TRUE,u'free',427
209,dNKfk53tTRRYW8c8jZWWlQ,Residence Inn by Marriott Santa Barbara Goleta,6350 Hollister Ave,Goleta,93117,CA,34.43265659,-119.8443271,53,4,"Hotels & Travel, Hotels, Event Planning & Services, Venues & Event Spaces",0:0-0:0,0:0-0:0,0:0-0:0,0:0-0:0,0:0-0:0,0:0-0:0,0:0-0:0,NA,NA,NA,TRUE,NA,NA,TRUE,NA,NA,NA,NA,NA,NA,NA,NA,NA,NA,NA,NA,NA,NA,2,NA,TRUE,'free',212
226,DnqMITzlJwE4io3FKI8CiQ,UC Santa Barbara Family Vacation Center,Ucsb Alumni Association,Santa Barbara,93106,CA,34.41742,-119.845692,84,5,"Hotels & Travel, Event Planning & Services, Hotels",9:0-17:0,9:0-17:0,9:0-17:0,9:0-17:0,9:0-17:0,NA,NA,NA,NA,NA,TRUE,NA,NA,NA,NA,TRUE,NA,NA,NA,NA,NA,NA,NA,NA,NA,NA,NA,NA,2,NA,NA,u'free',420
228,jX1kNhinDzathM9gLumIjA,"Brisas Del Mar, Inn at the Beach",223 Castillo St,Santa Barbara,93101,CA,34.41012472,-119.6972139,194,4.5,"Event Planning & Services, Hotels & Travel, Hotels",0:0-0:0,0:0-0:0,0:0-0:0,0:0-0:0,0:0-0:0,0:0-0:0,0:0-0:0,NA,NA,NA,TRUE,NA,NA,FALSE,NA,NA,NA,NA,NA,NA,NA,NA,NA,NA,NA,NA,NA,NA,2,NA,NA,u'free',873
229,N3gvFwDF2QA9HzEPsMPZ7A,Coral Casino Beach & Cabana Club,1260 Channel Dr,Santa Barbara,93108,CA,34.41641,-119.640996,32,4.5,"Event Planning & Services, Hotels & Travel, Hotels",NA,NA,NA,NA,NA,NA,NA,NA,NA,NA,TRUE,NA,NA,FALSE,NA,NA,NA,NA,NA,NA,NA,NA,NA,NA,NA,NA,NA,NA,3,NA,NA,u'free',144
230,2KWdqoTYBTpBq-Rlb4sR5w,Montecito Inn,1295 Coast Village Rd,Santa Barbara,93108,CA,34.4212447,-119.640407,262,3.5,"Hotels & Travel, Hotels, Event Planning & Services, Venues & Event Spaces",0:0-0:0,0:0-0:0,0:0-0:0,0:0-0:0,0:0-0:0,0:0-0:0,0:0-0:0,NA,"{'romantic': False, 'intimate': False, 'touristy': False, 'hipster': False, 'divey': False, 'classy': False, 'trendy': False, 'upscale': False, 'casual': False}",NA,TRUE,"{'garage': False, 'validated': False, 'street': False, 'lot': False, 'valet': False}",NA,FALSE,NA,NA,NA,NA,TRUE,NA,NA,NA,NA,NA,NA,NA,NA,NA,3,NA,NA,u'free',917
231,shtNOsRUiZtTa36RNzI32A,Hyatt Place Santa Barbara,4111 State St,Santa Barbara,93110,CA,34.4402791,-119.760044,67,3,"Event Planning & Services, Hotels, Hotels & Travel",0:0-0:0,0:0-0:0,0:0-0:0,0:0-0:0,0:0-0:0,0:0-0:0,0:0-0:0,NA,NA,NA,TRUE,NA,NA,TRUE,NA,NA,NA,NA,NA,NA,NA,NA,NA,NA,NA,NA,NA,NA,NA,NA,NA,u'free',201
232,1PoZ8XdISWJpvcEnlNyfgg,La Quinta Inn & Suites by Wyndham Santa Barbara Downtown,1601 State Street,Santa Barbara,93101,CA,34.4272253,-119.7098258,180,3.5,"Hotels, Hotels & Travel, Event Planning & Services, Professional Services",0:0-0:0,0:0-0:0,0:0-0:0,0:0-0:0,0:0-0:0,0:0-0:0,0:0-0:0,NA,NA,NA,TRUE,NA,NA,TRUE,NA,NA,NA,NA,NA,NA,NA,NA,NA,NA,NA,NA,NA,NA,2,NA,NA,u'free',630
233,o5w6WfzeqpP8S_ewvy_pMA,Marina Beach Motel,21 Bath St,Santa Barbara,93101,CA,34.40919711,-119.6938091,135,4.5,"Hotels, Hotels & Travel, Event Planning & Services",0:0-0:0,0:0-0:0,0:0-0:0,0:0-0:0,0:0-0:0,0:0-0:0,0:0-0:0,NA,NA,NA,TRUE,NA,NA,TRUE,NA,NA,NA,NA,NA,NA,NA,NA,NA,NA,NA,NA,NA,NA,2,NA,NA,u'free',607.5
234,MWKowhzHQ_scqnJEqAUYgA,Hilton Santa Barbara Beachfront Resort,633 E Cabrillo Blvd,Santa Barbara,93103,CA,34.41676265,-119.676553,288,2.5,"Event Planning & Services, Venues & Event Spaces, Hotels & Travel, Hotels",0:0-0:0,0:0-0:0,0:0-0:0,0:0-0:0,0:0-0:0,0:0-0:0,0:0-0:0,NA,NA,NA,TRUE,NA,NA,TRUE,NA,NA,NA,NA,NA,NA,NA,NA,NA,NA,NA,NA,NA,NA,3,NA,NA,'free',720
235,sHwHKUBKYe2PPvgyc361yw,Hotel Californian,36 State St,Santa Barbara,93101,CA,34.4132794,-119.6898862,162,3.5,"Event Planning & Services, Venues & Event Spaces, Hotels, Hotels & Travel",0:0-0:0,0:0-0:0,0:0-0:0,0:0-0:0,0:0-0:0,0:0-0:0,0:0-0:0,NA,NA,NA,TRUE,NA,NA,TRUE,NA,NA,NA,NA,NA,NA,NA,NA,NA,NA,NA,NA,NA,NA,3,NA,NA,u'free',567
236,gkwSfsu1bxyTzTY3XCW0DA,Kimpton Canary Hotel,31 W Carrillo St,Santa Barbara,93101,CA,34.42043674,-119.7026383,481,4,"Event Planning & Services, Hotels & Travel, Venues & Event Spaces, Hotels",6:0-6:0,6:0-6:0,6:0-6:0,6:0-6:0,6:0-6:0,6:0-6:0,6:0-6:0,NA,NA,NA,TRUE,NA,NA,TRUE,NA,NA,NA,NA,NA,NA,NA,NA,NA,NA,NA,NA,NA,NA,3,NA,NA,u'paid',1924
237,035gK3ASKDns-ojUSnV4IA,Rosewood Miramar Beach,1759 S Jameson Ln,Montecito,93108,CA,34.420988,-119.628561,189,3.5,"Hotels & Travel, Hotels, Event Planning & Services, Restaurants, Piano Bars, Nightlife",0:0-0:0,0:0-0:0,0:0-0:0,0:0-0:0,0:0-0:0,0:0-0:0,0:0-0:0,NA,NA,NA,TRUE,NA,NA,TRUE,NA,NA,NA,NA,NA,NA,NA,NA,NA,NA,NA,NA,NA,NA,4,NA,NA,u'free',661.5
244,Sa4XawsvhELaeL6-5-pGKg,La Playa Inn,116 Castillo St,Santa Barbara,93101,CA,34.4095661,-119.6951589,54,4.5,"Hotels & Travel, Event Planning & Services, Hotels",0:0-0:0,0:0-0:0,0:0-0:0,0:0-0:0,0:0-0:0,0:0-0:0,0:0-0:0,NA,NA,NA,NA,NA,NA,NA,NA,NA,NA,NA,NA,NA,NA,NA,NA,NA,NA,NA,NA,NA,NA,NA,NA,u'free',243
246,8lhyqiOAFjIipheDtk8gXA,Bath Street Inn,1720 Bath St,Santa Barbara,93101,CA,34.4255544,-119.7148108,148,4.5,"Bed & Breakfast, Event Planning & Services, Hotels & Travel, Hotels",7:0-19:0,7:0-19:0,7:0-19:0,7:0-19:0,7:0-19:0,7:0-19:0,7:0-19:0,NA,NA,NA,NA,NA,NA,NA,NA,NA,NA,NA,NA,NA,NA,NA,NA,NA,NA,NA,NA,NA,NA,NA,NA,u'free',666
247,Q4NzKHw97EthvpQatme4Jw,La Maison Santa Barbara,109 W Ortega St,Santa Barbara,93101,CA,34.4171093,-119.699329,9,5,"Hotels & Travel, Vacation Rentals, Event Planning & Services, Hotels",NA,NA,NA,NA,NA,NA,NA,NA,NA,NA,NA,NA,NA,NA,NA,NA,NA,NA,NA,NA,NA,NA,NA,NA,NA,NA,NA,NA,NA,NA,NA,u'free',45
249,wN5Vqclm9BRS4tpvt9sEBA,Villa Elegante,402 Orilla Del Mar,Santa Barbara,93103,CA,34.418065,-119.673137,5,5,"Hotels & Travel, Vacation Rentals",8:0-17:0,8:0-17:0,8:0-17:0,8:0-17:0,8:0-17:0,8:0-17:0,8:0-17:0,NA,NA,NA,NA,NA,NA,NA,NA,NA,NA,NA,NA,NA,NA,NA,NA,NA,NA,NA,NA,NA,NA,NA,NA,u'free',25
258,asTtYoDxkcGXeSgthPHRcA,Casa del Herrero,1387 E Valley Rd,Montecito,93108,CA,34.435421,-119.63643,17,4.5,"Public Services & Government, Botanical Gardens, Hotels & Travel, Historical Tours, Architectural Tours, Tours, Museums, Landmarks & Historical Buildings, Arts & Entertainment",NA,NA,13:45-15:30,NA,NA,13:45-15:30,NA,NA,NA,NA,NA,NA,NA,NA,NA,FALSE,NA,NA,NA,NA,NA,NA,NA,NA,NA,NA,NA,NA,NA,NA,NA,NA,76.5
